log_id,logical_signal,topic,fields,scale,unit
0d728b7d-8d15-4975-b834-1c6b3174b062,battery_remaining,battery_status,remaining,1.0,fraction
0d728b7d-8d15-4975-b834-1c6b3174b062,battery_voltage,battery_status,voltage_filtered_v,1.0,V
0d728b7d-8d15-4975-b834-1c6b3174b062,landed,vehicle_land_detected,landed,1.0,boolean
0d728b7d-8d15-4975-b834-1c6b3174b062,local_position,vehicle_local_position,"x,y,z",1.0,m
0d728b7d-8d15-4975-b834-1c6b3174b062,home_position,home_position,"x,y",1.0,m
0d728b7d-8d15-4975-b834-1c6b3174b062,local_position_vz,vehicle_local_position,vz,1.0,m/s
0d728b7d-8d15-4975-b834-1c6b3174b062,land_detected,vehicle_land_detected,landed,1.0,boolean
0d728b7d-8d15-4975-b834-1c6b3174b062,gps,sensor_gps,fix_type,1.0,fix_type
0d728b7d-8d15-4975-b834-1c6b3174b062,gps_latitude,sensor_gps,latitude_deg,1.0,deg
0d728b7d-8d15-4975-b834-1c6b3174b062,gps_longitude,sensor_gps,longitude_deg,1.0,deg
0d728b7d-8d15-4975-b834-1c6b3174b062,gps_altitude,sensor_gps,altitude_msl_m,1.0,m
0d728b7d-8d15-4975-b834-1c6b3174b062,trajectory_setpoint,trajectory_setpoint,position[2],1.0,m
0d728b7d-8d15-4975-b834-1c6b3174b062,nav_state,vehicle_status,nav_state,1.0,enum
0d728b7d-8d15-4975-b834-1c6b3174b062,sensor_combined_or_imu_status,sensor_combined,accelerometer_m_s2[2],1.0,m/s^2
24835a82-9762-4118-84a3-71097ecc2a40,battery_remaining,battery_status,remaining,1.0,fraction
24835a82-9762-4118-84a3-71097ecc2a40,battery_voltage,battery_status,voltage_filtered_v,1.0,V
24835a82-9762-4118-84a3-71097ecc2a40,landed,vehicle_land_detected,landed,1.0,boolean
24835a82-9762-4118-84a3-71097ecc2a40,local_position,vehicle_local_position,"x,y,z",1.0,m
24835a82-9762-4118-84a3-71097ecc2a40,home_position,home_position,"x,y",1.0,m
24835a82-9762-4118-84a3-71097ecc2a40,local_position_vz,vehicle_local_position,vz,1.0,m/s
24835a82-9762-4118-84a3-71097ecc2a40,land_detected,vehicle_land_detected,landed,1.0,boolean
24835a82-9762-4118-84a3-71097ecc2a40,gps,sensor_gps,fix_type,1.0,fix_type
24835a82-9762-4118-84a3-71097ecc2a40,gps_latitude,sensor_gps,latitude_deg,1.0,deg
24835a82-9762-4118-84a3-71097ecc2a40,gps_longitude,sensor_gps,longitude_deg,1.0,deg
24835a82-9762-4118-84a3-71097ecc2a40,gps_altitude,sensor_gps,altitude_msl_m,1.0,m
24835a82-9762-4118-84a3-71097ecc2a40,trajectory_setpoint,trajectory_setpoint,position[2],1.0,m
24835a82-9762-4118-84a3-71097ecc2a40,nav_state,vehicle_status,nav_state,1.0,enum
24835a82-9762-4118-84a3-71097ecc2a40,sensor_combined_or_imu_status,sensor_combined,accelerometer_m_s2[2],1.0,m/s^2
36d2e007-ddeb-40b1-ac63-16159708cca6,battery_remaining,battery_status,remaining,1.0,fraction
36d2e007-ddeb-40b1-ac63-16159708cca6,battery_voltage,battery_status,voltage_filtered_v,1.0,V
36d2e007-ddeb-40b1-ac63-16159708cca6,landed,vehicle_land_detected,landed,1.0,boolean
36d2e007-ddeb-40b1-ac63-16159708cca6,local_position,vehicle_local_position,"x,y,z",1.0,m
36d2e007-ddeb-40b1-ac63-16159708cca6,home_position,home_position,"x,y",1.0,m
36d2e007-ddeb-40b1-ac63-16159708cca6,local_position_vz,vehicle_local_position,vz,1.0,m/s
36d2e007-ddeb-40b1-ac63-16159708cca6,land_detected,vehicle_land_detected,landed,1.0,boolean
36d2e007-ddeb-40b1-ac63-16159708cca6,gps,sensor_gps,fix_type,1.0,fix_type
36d2e007-ddeb-40b1-ac63-16159708cca6,gps_latitude,sensor_gps,latitude_deg,1.0,deg
36d2e007-ddeb-40b1-ac63-16159708cca6,gps_longitude,sensor_gps,longitude_deg,1.0,deg
36d2e007-ddeb-40b1-ac63-16159708cca6,gps_altitude,sensor_gps,altitude_msl_m,1.0,m
36d2e007-ddeb-40b1-ac63-16159708cca6,trajectory_setpoint,trajectory_setpoint,position[2],1.0,m
36d2e007-ddeb-40b1-ac63-16159708cca6,nav_state,vehicle_status,nav_state,1.0,enum
36d2e007-ddeb-40b1-ac63-16159708cca6,sensor_combined_or_imu_status,sensor_combined,accelerometer_m_s2[2],1.0,m/s^2
6032c737-ca04-4331-92a2-d666d9a39d51,battery_remaining,battery_status,remaining,1.0,fraction
6032c737-ca04-4331-92a2-d666d9a39d51,battery_voltage,battery_status,voltage_filtered_v,1.0,V
6032c737-ca04-4331-92a2-d666d9a39d51,landed,vehicle_land_detected,landed,1.0,boolean
6032c737-ca04-4331-92a2-d666d9a39d51,local_position,vehicle_local_position,"x,y,z",1.0,m
6032c737-ca04-4331-92a2-d666d9a39d51,home_position,home_position,"x,y",1.0,m
6032c737-ca04-4331-92a2-d666d9a39d51,local_position_vz,vehicle_local_position,vz,1.0,m/s
6032c737-ca04-4331-92a2-d666d9a39d51,land_detected,vehicle_land_detected,landed,1.0,boolean
6032c737-ca04-4331-92a2-d666d9a39d51,gps,sensor_gps,fix_type,1.0,fix_type
6032c737-ca04-4331-92a2-d666d9a39d51,gps_latitude,sensor_gps,latitude_deg,1.0,deg
6032c737-ca04-4331-92a2-d666d9a39d51,gps_longitude,sensor_gps,longitude_deg,1.0,deg
6032c737-ca04-4331-92a2-d666d9a39d51,gps_altitude,sensor_gps,altitude_msl_m,1.0,m
6032c737-ca04-4331-92a2-d666d9a39d51,trajectory_setpoint,trajectory_setpoint,position[2],1.0,m
6032c737-ca04-4331-92a2-d666d9a39d51,nav_state,vehicle_status,nav_state,1.0,enum
6032c737-ca04-4331-92a2-d666d9a39d51,sensor_combined_or_imu_status,sensor_combined,accelerometer_m_s2[2],1.0,m/s^2
73513a42-ca33-4642-afef-ff592005b539,battery_remaining,battery_status,remaining,1.0,fraction
73513a42-ca33-4642-afef-ff592005b539,battery_voltage,battery_status,voltage_filtered_v,1.0,V
73513a42-ca33-4642-afef-ff592005b539,landed,vehicle_land_detected,landed,1.0,boolean
73513a42-ca33-4642-afef-ff592005b539,local_position,vehicle_local_position,"x,y,z",1.0,m
73513a42-ca33-4642-afef-ff592005b539,home_position,home_position,"x,y",1.0,m
73513a42-ca33-4642-afef-ff592005b539,local_position_vz,vehicle_local_position,vz,1.0,m/s
73513a42-ca33-4642-afef-ff592005b539,land_detected,vehicle_land_detected,landed,1.0,boolean
73513a42-ca33-4642-afef-ff592005b539,gps,sensor_gps,fix_type,1.0,fix_type
73513a42-ca33-4642-afef-ff592005b539,gps_latitude,sensor_gps,latitude_deg,1.0,deg
73513a42-ca33-4642-afef-ff592005b539,gps_longitude,sensor_gps,longitude_deg,1.0,deg
73513a42-ca33-4642-afef-ff592005b539,gps_altitude,sensor_gps,altitude_msl_m,1.0,m
73513a42-ca33-4642-afef-ff592005b539,trajectory_setpoint,trajectory_setpoint,position[2],1.0,m
73513a42-ca33-4642-afef-ff592005b539,nav_state,vehicle_status,nav_state,1.0,enum
73513a42-ca33-4642-afef-ff592005b539,sensor_combined_or_imu_status,sensor_combined,accelerometer_m_s2[2],1.0,m/s^2
82bb47cb-dbd5-4755-9553-0990124e17ab,battery_remaining,battery_status,remaining,1.0,fraction
82bb47cb-dbd5-4755-9553-0990124e17ab,battery_voltage,battery_status,voltage_filtered_v,1.0,V
82bb47cb-dbd5-4755-9553-0990124e17ab,landed,vehicle_land_detected,landed,1.0,boolean
82bb47cb-dbd5-4755-9553-0990124e17ab,local_position,vehicle_local_position,"x,y,z",1.0,m
82bb47cb-dbd5-4755-9553-0990124e17ab,home_position,home_position,"x,y",1.0,m
82bb47cb-dbd5-4755-9553-0990124e17ab,local_position_vz,vehicle_local_position,vz,1.0,m/s
82bb47cb-dbd5-4755-9553-0990124e17ab,land_detected,vehicle_land_detected,landed,1.0,boolean
82bb47cb-dbd5-4755-9553-0990124e17ab,gps,sensor_gps,fix_type,1.0,fix_type
82bb47cb-dbd5-4755-9553-0990124e17ab,gps_latitude,sensor_gps,latitude_deg,1.0,deg
82bb47cb-dbd5-4755-9553-0990124e17ab,gps_longitude,sensor_gps,longitude_deg,1.0,deg
82bb47cb-dbd5-4755-9553-0990124e17ab,gps_altitude,sensor_gps,altitude_msl_m,1.0,m
82bb47cb-dbd5-4755-9553-0990124e17ab,trajectory_setpoint,trajectory_setpoint,position[2],1.0,m
82bb47cb-dbd5-4755-9553-0990124e17ab,nav_state,vehicle_status,nav_state,1.0,enum
82bb47cb-dbd5-4755-9553-0990124e17ab,sensor_combined_or_imu_status,sensor_combined,accelerometer_m_s2[2],1.0,m/s^2
a4e7c842-a5af-4469-8357-bb14b6aeec06,battery_remaining,battery_status,remaining,1.0,fraction
a4e7c842-a5af-4469-8357-bb14b6aeec06,battery_voltage,battery_status,voltage_filtered_v,1.0,V
a4e7c842-a5af-4469-8357-bb14b6aeec06,landed,vehicle_land_detected,landed,1.0,boolean
a4e7c842-a5af-4469-8357-bb14b6aeec06,local_position,vehicle_local_position,"x,y,z",1.0,m
a4e7c842-a5af-4469-8357-bb14b6aeec06,home_position,home_position,"x,y",1.0,m
a4e7c842-a5af-4469-8357-bb14b6aeec06,local_position_vz,vehicle_local_position,vz,1.0,m/s
a4e7c842-a5af-4469-8357-bb14b6aeec06,land_detected,vehicle_land_detected,landed,1.0,boolean
a4e7c842-a5af-4469-8357-bb14b6aeec06,gps,sensor_gps,fix_type,1.0,fix_type
a4e7c842-a5af-4469-8357-bb14b6aeec06,gps_latitude,sensor_gps,latitude_deg,1.0,deg
a4e7c842-a5af-4469-8357-bb14b6aeec06,gps_longitude,sensor_gps,longitude_deg,1.0,deg
a4e7c842-a5af-4469-8357-bb14b6aeec06,gps_altitude,sensor_gps,altitude_msl_m,1.0,m
a4e7c842-a5af-4469-8357-bb14b6aeec06,trajectory_setpoint,trajectory_setpoint,position[2],1.0,m
a4e7c842-a5af-4469-8357-bb14b6aeec06,nav_state,vehicle_status,nav_state,1.0,enum
a4e7c842-a5af-4469-8357-bb14b6aeec06,sensor_combined_or_imu_status,sensor_combined,accelerometer_m_s2[2],1.0,m/s^2
ad0d295b-ebfc-4382-ad7c-e72ad43091b0,battery_remaining,battery_status,remaining,1.0,fraction
ad0d295b-ebfc-4382-ad7c-e72ad43091b0,battery_voltage,battery_status,voltage_filtered_v,1.0,V
ad0d295b-ebfc-4382-ad7c-e72ad43091b0,landed,vehicle_land_detected,landed,1.0,boolean
ad0d295b-ebfc-4382-ad7c-e72ad43091b0,local_position,vehicle_local_position,"x,y,z",1.0,m
ad0d295b-ebfc-4382-ad7c-e72ad43091b0,home_position,home_position,"x,y",1.0,m
ad0d295b-ebfc-4382-ad7c-e72ad43091b0,local_position_vz,vehicle_local_position,vz,1.0,m/s
ad0d295b-ebfc-4382-ad7c-e72ad43091b0,land_detected,vehicle_land_detected,landed,1.0,boolean
ad0d295b-ebfc-4382-ad7c-e72ad43091b0,gps,sensor_gps,fix_type,1.0,fix_type
ad0d295b-ebfc-4382-ad7c-e72ad43091b0,gps_latitude,sensor_gps,latitude_deg,1.0,deg
ad0d295b-ebfc-4382-ad7c-e72ad43091b0,gps_longitude,sensor_gps,longitude_deg,1.0,deg
ad0d295b-ebfc-4382-ad7c-e72ad43091b0,gps_altitude,sensor_gps,altitude_msl_m,1.0,m
ad0d295b-ebfc-4382-ad7c-e72ad43091b0,trajectory_setpoint,trajectory_setpoint,position[2],1.0,m
ad0d295b-ebfc-4382-ad7c-e72ad43091b0,nav_state,vehicle_status,nav_state,1.0,enum
ad0d295b-ebfc-4382-ad7c-e72ad43091b0,sensor_combined_or_imu_status,sensor_combined,accelerometer_m_s2[2],1.0,m/s^2
c597ba1f-f0cd-4228-9820-b4d5d2e2b97a,battery_remaining,battery_status,remaining,1.0,fraction
c597ba1f-f0cd-4228-9820-b4d5d2e2b97a,battery_voltage,battery_status,voltage_filtered_v,1.0,V
c597ba1f-f0cd-4228-9820-b4d5d2e2b97a,landed,vehicle_land_detected,landed,1.0,boolean
c597ba1f-f0cd-4228-9820-b4d5d2e2b97a,local_position,vehicle_local_position,"x,y,z",1.0,m
c597ba1f-f0cd-4228-9820-b4d5d2e2b97a,home_position,home_position,"x,y",1.0,m
c597ba1f-f0cd-4228-9820-b4d5d2e2b97a,local_position_vz,vehicle_local_position,vz,1.0,m/s
c597ba1f-f0cd-4228-9820-b4d5d2e2b97a,land_detected,vehicle_land_detected,landed,1.0,boolean
c597ba1f-f0cd-4228-9820-b4d5d2e2b97a,gps,sensor_gps,fix_type,1.0,fix_type
c597ba1f-f0cd-4228-9820-b4d5d2e2b97a,gps_latitude,sensor_gps,latitude_deg,1.0,deg
c597ba1f-f0cd-4228-9820-b4d5d2e2b97a,gps_longitude,sensor_gps,longitude_deg,1.0,deg
c597ba1f-f0cd-4228-9820-b4d5d2e2b97a,gps_altitude,sensor_gps,altitude_msl_m,1.0,m
c597ba1f-f0cd-4228-9820-b4d5d2e2b97a,trajectory_setpoint,trajectory_setpoint,position[2],1.0,m
c597ba1f-f0cd-4228-9820-b4d5d2e2b97a,nav_state,vehicle_status,nav_state,1.0,enum
c597ba1f-f0cd-4228-9820-b4d5d2e2b97a,sensor_combined_or_imu_status,sensor_combined,accelerometer_m_s2[2],1.0,m/s^2
c83c0194-e4e5-4959-a02d-9f3b70d7ece6,battery_remaining,battery_status,remaining,1.0,fraction
c83c0194-e4e5-4959-a02d-9f3b70d7ece6,battery_voltage,battery_status,voltage_filtered_v,1.0,V
c83c0194-e4e5-4959-a02d-9f3b70d7ece6,landed,vehicle_land_detected,landed,1.0,boolean
c83c0194-e4e5-4959-a02d-9f3b70d7ece6,local_position,vehicle_local_position,"x,y,z",1.0,m
c83c0194-e4e5-4959-a02d-9f3b70d7ece6,home_position,home_position,"x,y",1.0,m
c83c0194-e4e5-4959-a02d-9f3b70d7ece6,local_position_vz,vehicle_local_position,vz,1.0,m/s
c83c0194-e4e5-4959-a02d-9f3b70d7ece6,land_detected,vehicle_land_detected,landed,1.0,boolean
c83c0194-e4e5-4959-a02d-9f3b70d7ece6,gps,sensor_gps,fix_type,1.0,fix_type
c83c0194-e4e5-4959-a02d-9f3b70d7ece6,gps_latitude,sensor_gps,latitude_deg,1.0,deg
c83c0194-e4e5-4959-a02d-9f3b70d7ece6,gps_longitude,sensor_gps,longitude_deg,1.0,deg
c83c0194-e4e5-4959-a02d-9f3b70d7ece6,gps_altitude,sensor_gps,altitude_msl_m,1.0,m
c83c0194-e4e5-4959-a02d-9f3b70d7ece6,trajectory_setpoint,trajectory_setpoint,position[2],1.0,m
c83c0194-e4e5-4959-a02d-9f3b70d7ece6,nav_state,vehicle_status,nav_state,1.0,enum
c83c0194-e4e5-4959-a02d-9f3b70d7ece6,sensor_combined_or_imu_status,sensor_combined,accelerometer_m_s2[2],1.0,m/s^2
d3ca6745-7f23-4030-a469-1f02eaaf2f8f,battery_remaining,battery_status,remaining,1.0,fraction
d3ca6745-7f23-4030-a469-1f02eaaf2f8f,battery_voltage,battery_status,voltage_filtered_v,1.0,V
d3ca6745-7f23-4030-a469-1f02eaaf2f8f,landed,vehicle_land_detected,landed,1.0,boolean
d3ca6745-7f23-4030-a469-1f02eaaf2f8f,local_position,vehicle_local_position,"x,y,z",1.0,m
d3ca6745-7f23-4030-a469-1f02eaaf2f8f,home_position,home_position,"x,y",1.0,m
d3ca6745-7f23-4030-a469-1f02eaaf2f8f,local_position_vz,vehicle_local_position,vz,1.0,m/s
d3ca6745-7f23-4030-a469-1f02eaaf2f8f,land_detected,vehicle_land_detected,landed,1.0,boolean
d3ca6745-7f23-4030-a469-1f02eaaf2f8f,gps,sensor_gps,fix_type,1.0,fix_type
d3ca6745-7f23-4030-a469-1f02eaaf2f8f,gps_latitude,sensor_gps,latitude_deg,1.0,deg
d3ca6745-7f23-4030-a469-1f02eaaf2f8f,gps_longitude,sensor_gps,longitude_deg,1.0,deg
d3ca6745-7f23-4030-a469-1f02eaaf2f8f,gps_altitude,sensor_gps,altitude_msl_m,1.0,m
d3ca6745-7f23-4030-a469-1f02eaaf2f8f,trajectory_setpoint,trajectory_setpoint,position[2],1.0,m
d3ca6745-7f23-4030-a469-1f02eaaf2f8f,nav_state,vehicle_status,nav_state,1.0,enum
d3ca6745-7f23-4030-a469-1f02eaaf2f8f,sensor_combined_or_imu_status,sensor_combined,accelerometer_m_s2[2],1.0,m/s^2
deea3db0-6ff9-4854-9008-2f13b73928b8,battery_remaining,battery_status,remaining,1.0,fraction
deea3db0-6ff9-4854-9008-2f13b73928b8,battery_voltage,battery_status,voltage_filtered_v,1.0,V
deea3db0-6ff9-4854-9008-2f13b73928b8,landed,vehicle_land_detected,landed,1.0,boolean
deea3db0-6ff9-4854-9008-2f13b73928b8,local_position,vehicle_local_position,"x,y,z",1.0,m
deea3db0-6ff9-4854-9008-2f13b73928b8,home_position,home_position,"x,y",1.0,m
deea3db0-6ff9-4854-9008-2f13b73928b8,local_position_vz,vehicle_local_position,vz,1.0,m/s
deea3db0-6ff9-4854-9008-2f13b73928b8,land_detected,vehicle_land_detected,landed,1.0,boolean
deea3db0-6ff9-4854-9008-2f13b73928b8,gps,sensor_gps,fix_type,1.0,fix_type
deea3db0-6ff9-4854-9008-2f13b73928b8,gps_latitude,sensor_gps,latitude_deg,1.0,deg
deea3db0-6ff9-4854-9008-2f13b73928b8,gps_longitude,sensor_gps,longitude_deg,1.0,deg
deea3db0-6ff9-4854-9008-2f13b73928b8,gps_altitude,sensor_gps,altitude_msl_m,1.0,m
deea3db0-6ff9-4854-9008-2f13b73928b8,trajectory_setpoint,trajectory_setpoint,position[2],1.0,m
deea3db0-6ff9-4854-9008-2f13b73928b8,nav_state,vehicle_status,nav_state,1.0,enum
deea3db0-6ff9-4854-9008-2f13b73928b8,sensor_combined_or_imu_status,sensor_combined,accelerometer_m_s2[2],1.0,m/s^2
e5c521d2-d6bd-4e35-b6ad-b855bafd644b,battery_remaining,battery_status,remaining,1.0,fraction
e5c521d2-d6bd-4e35-b6ad-b855bafd644b,battery_voltage,battery_status,voltage_filtered_v,1.0,V
e5c521d2-d6bd-4e35-b6ad-b855bafd644b,landed,vehicle_land_detected,landed,1.0,boolean
e5c521d2-d6bd-4e35-b6ad-b855bafd644b,local_position,vehicle_local_position,"x,y,z",1.0,m
e5c521d2-d6bd-4e35-b6ad-b855bafd644b,home_position,home_position,"x,y",1.0,m
e5c521d2-d6bd-4e35-b6ad-b855bafd644b,local_position_vz,vehicle_local_position,vz,1.0,m/s
e5c521d2-d6bd-4e35-b6ad-b855bafd644b,land_detected,vehicle_land_detected,landed,1.0,boolean
e5c521d2-d6bd-4e35-b6ad-b855bafd644b,gps,sensor_gps,fix_type,1.0,fix_type
e5c521d2-d6bd-4e35-b6ad-b855bafd644b,gps_latitude,sensor_gps,latitude_deg,1.0,deg
e5c521d2-d6bd-4e35-b6ad-b855bafd644b,gps_longitude,sensor_gps,longitude_deg,1.0,deg
e5c521d2-d6bd-4e35-b6ad-b855bafd644b,gps_altitude,sensor_gps,altitude_msl_m,1.0,m
e5c521d2-d6bd-4e35-b6ad-b855bafd644b,trajectory_setpoint,trajectory_setpoint,position[2],1.0,m
e5c521d2-d6bd-4e35-b6ad-b855bafd644b,nav_state,vehicle_status,nav_state,1.0,enum
e5c521d2-d6bd-4e35-b6ad-b855bafd644b,sensor_combined_or_imu_status,sensor_combined,accelerometer_m_s2[2],1.0,m/s^2
e98b1b76-8cb1-4b94-985a-907e00bdbfed,battery_remaining,battery_status,remaining,1.0,fraction
e98b1b76-8cb1-4b94-985a-907e00bdbfed,battery_voltage,battery_status,voltage_filtered_v,1.0,V
e98b1b76-8cb1-4b94-985a-907e00bdbfed,landed,vehicle_land_detected,landed,1.0,boolean
e98b1b76-8cb1-4b94-985a-907e00bdbfed,local_position,vehicle_local_position,"x,y,z",1.0,m
e98b1b76-8cb1-4b94-985a-907e00bdbfed,home_position,home_position,"x,y",1.0,m
e98b1b76-8cb1-4b94-985a-907e00bdbfed,local_position_vz,vehicle_local_position,vz,1.0,m/s
e98b1b76-8cb1-4b94-985a-907e00bdbfed,land_detected,vehicle_land_detected,landed,1.0,boolean
e98b1b76-8cb1-4b94-985a-907e00bdbfed,gps,sensor_gps,fix_type,1.0,fix_type
e98b1b76-8cb1-4b94-985a-907e00bdbfed,gps_latitude,sensor_gps,latitude_deg,1.0,deg
e98b1b76-8cb1-4b94-985a-907e00bdbfed,gps_longitude,sensor_gps,longitude_deg,1.0,deg
e98b1b76-8cb1-4b94-985a-907e00bdbfed,gps_altitude,sensor_gps,altitude_msl_m,1.0,m
e98b1b76-8cb1-4b94-985a-907e00bdbfed,trajectory_setpoint,trajectory_setpoint,position[2],1.0,m
e98b1b76-8cb1-4b94-985a-907e00bdbfed,nav_state,vehicle_status,nav_state,1.0,enum
e98b1b76-8cb1-4b94-985a-907e00bdbfed,sensor_combined_or_imu_status,sensor_combined,accelerometer_m_s2[2],1.0,m/s^2
ec7a8856-04f9-4e58-8e03-bd16c3f7a27a,battery_remaining,battery_status,remaining,1.0,fraction
ec7a8856-04f9-4e58-8e03-bd16c3f7a27a,battery_voltage,battery_status,voltage_filtered_v,1.0,V
ec7a8856-04f9-4e58-8e03-bd16c3f7a27a,landed,vehicle_land_detected,landed,1.0,boolean
ec7a8856-04f9-4e58-8e03-bd16c3f7a27a,local_position,vehicle_local_position,"x,y,z",1.0,m
ec7a8856-04f9-4e58-8e03-bd16c3f7a27a,home_position,home_position,"x,y",1.0,m
ec7a8856-04f9-4e58-8e03-bd16c3f7a27a,local_position_vz,vehicle_local_position,vz,1.0,m/s
ec7a8856-04f9-4e58-8e03-bd16c3f7a27a,land_detected,vehicle_land_detected,landed,1.0,boolean
ec7a8856-04f9-4e58-8e03-bd16c3f7a27a,gps,sensor_gps,fix_type,1.0,fix_type
ec7a8856-04f9-4e58-8e03-bd16c3f7a27a,gps_latitude,sensor_gps,latitude_deg,1.0,deg
ec7a8856-04f9-4e58-8e03-bd16c3f7a27a,gps_longitude,sensor_gps,longitude_deg,1.0,deg
ec7a8856-04f9-4e58-8e03-bd16c3f7a27a,gps_altitude,sensor_gps,altitude_msl_m,1.0,m
ec7a8856-04f9-4e58-8e03-bd16c3f7a27a,trajectory_setpoint,trajectory_setpoint,position[2],1.0,m
ec7a8856-04f9-4e58-8e03-bd16c3f7a27a,nav_state,vehicle_status,nav_state,1.0,enum
ec7a8856-04f9-4e58-8e03-bd16c3f7a27a,sensor_combined_or_imu_status,sensor_combined,accelerometer_m_s2[2],1.0,m/s^2
f4f3389d-f121-4d3b-8bd1-cd7d4b4e5088,battery_remaining,battery_status,remaining,1.0,fraction
f4f3389d-f121-4d3b-8bd1-cd7d4b4e5088,battery_voltage,battery_status,voltage_filtered_v,1.0,V
f4f3389d-f121-4d3b-8bd1-cd7d4b4e5088,landed,vehicle_land_detected,landed,1.0,boolean
f4f3389d-f121-4d3b-8bd1-cd7d4b4e5088,local_position,vehicle_local_position,"x,y,z",1.0,m
f4f3389d-f121-4d3b-8bd1-cd7d4b4e5088,home_position,home_position,"x,y",1.0,m
f4f3389d-f121-4d3b-8bd1-cd7d4b4e5088,local_position_vz,vehicle_local_position,vz,1.0,m/s
f4f3389d-f121-4d3b-8bd1-cd7d4b4e5088,land_detected,vehicle_land_detected,landed,1.0,boolean
f4f3389d-f121-4d3b-8bd1-cd7d4b4e5088,gps,sensor_gps,fix_type,1.0,fix_type
f4f3389d-f121-4d3b-8bd1-cd7d4b4e5088,gps_latitude,sensor_gps,latitude_deg,1.0,deg
f4f3389d-f121-4d3b-8bd1-cd7d4b4e5088,gps_longitude,sensor_gps,longitude_deg,1.0,deg
f4f3389d-f121-4d3b-8bd1-cd7d4b4e5088,gps_altitude,sensor_gps,altitude_msl_m,1.0,m
f4f3389d-f121-4d3b-8bd1-cd7d4b4e5088,trajectory_setpoint,trajectory_setpoint,position[2],1.0,m
f4f3389d-f121-4d3b-8bd1-cd7d4b4e5088,nav_state,vehicle_status,nav_state,1.0,enum
f4f3389d-f121-4d3b-8bd1-cd7d4b4e5088,sensor_combined_or_imu_status,sensor_combined,accelerometer_m_s2[2],1.0,m/s^2
f51459ef-b790-4459-a92e-21eb512ddc9a,battery_remaining,battery_status,remaining,1.0,fraction
f51459ef-b790-4459-a92e-21eb512ddc9a,battery_voltage,battery_status,voltage_filtered_v,1.0,V
f51459ef-b790-4459-a92e-21eb512ddc9a,landed,vehicle_land_detected,landed,1.0,boolean
f51459ef-b790-4459-a92e-21eb512ddc9a,local_position,vehicle_local_position,"x,y,z",1.0,m
f51459ef-b790-4459-a92e-21eb512ddc9a,home_position,home_position,"x,y",1.0,m
f51459ef-b790-4459-a92e-21eb512ddc9a,local_position_vz,vehicle_local_position,vz,1.0,m/s
f51459ef-b790-4459-a92e-21eb512ddc9a,land_detected,vehicle_land_detected,landed,1.0,boolean
f51459ef-b790-4459-a92e-21eb512ddc9a,gps,sensor_gps,fix_type,1.0,fix_type
f51459ef-b790-4459-a92e-21eb512ddc9a,gps_latitude,sensor_gps,latitude_deg,1.0,deg
f51459ef-b790-4459-a92e-21eb512ddc9a,gps_longitude,sensor_gps,longitude_deg,1.0,deg
f51459ef-b790-4459-a92e-21eb512ddc9a,gps_altitude,sensor_gps,altitude_msl_m,1.0,m
f51459ef-b790-4459-a92e-21eb512ddc9a,trajectory_setpoint,trajectory_setpoint,position[2],1.0,m
f51459ef-b790-4459-a92e-21eb512ddc9a,nav_state,vehicle_status,nav_state,1.0,enum
f51459ef-b790-4459-a92e-21eb512ddc9a,sensor_combined_or_imu_status,sensor_combined,accelerometer_m_s2[2],1.0,m/s^2
f6591f05-7b14-4aad-9088-beec302362db,battery_remaining,battery_status,remaining,1.0,fraction
f6591f05-7b14-4aad-9088-beec302362db,battery_voltage,battery_status,voltage_filtered_v,1.0,V
f6591f05-7b14-4aad-9088-beec302362db,landed,vehicle_land_detected,landed,1.0,boolean
f6591f05-7b14-4aad-9088-beec302362db,local_position,vehicle_local_position,"x,y,z",1.0,m
f6591f05-7b14-4aad-9088-beec302362db,home_position,home_position,"x,y",1.0,m
f6591f05-7b14-4aad-9088-beec302362db,local_position_vz,vehicle_local_position,vz,1.0,m/s
f6591f05-7b14-4aad-9088-beec302362db,land_detected,vehicle_land_detected,landed,1.0,boolean
f6591f05-7b14-4aad-9088-beec302362db,gps,sensor_gps,fix_type,1.0,fix_type
f6591f05-7b14-4aad-9088-beec302362db,gps_latitude,sensor_gps,latitude_deg,1.0,deg
f6591f05-7b14-4aad-9088-beec302362db,gps_longitude,sensor_gps,longitude_deg,1.0,deg
f6591f05-7b14-4aad-9088-beec302362db,gps_altitude,sensor_gps,altitude_msl_m,1.0,m
f6591f05-7b14-4aad-9088-beec302362db,trajectory_setpoint,trajectory_setpoint,position[2],1.0,m
f6591f05-7b14-4aad-9088-beec302362db,nav_state,vehicle_status,nav_state,1.0,enum
f6591f05-7b14-4aad-9088-beec302362db,sensor_combined_or_imu_status,sensor_combined,accelerometer_m_s2[2],1.0,m/s^2
fa948c8e-93b2-4037-a9c0-e6bcbcfd72a1,battery_remaining,battery_status,remaining,1.0,fraction
fa948c8e-93b2-4037-a9c0-e6bcbcfd72a1,battery_voltage,battery_status,voltage_filtered_v,1.0,V
fa948c8e-93b2-4037-a9c0-e6bcbcfd72a1,landed,vehicle_land_detected,landed,1.0,boolean
fa948c8e-93b2-4037-a9c0-e6bcbcfd72a1,local_position,vehicle_local_position,"x,y,z",1.0,m
fa948c8e-93b2-4037-a9c0-e6bcbcfd72a1,home_position,home_position,"x,y",1.0,m
fa948c8e-93b2-4037-a9c0-e6bcbcfd72a1,local_position_vz,vehicle_local_position,vz,1.0,m/s
fa948c8e-93b2-4037-a9c0-e6bcbcfd72a1,land_detected,vehicle_land_detected,landed,1.0,boolean
fa948c8e-93b2-4037-a9c0-e6bcbcfd72a1,gps,sensor_gps,fix_type,1.0,fix_type
fa948c8e-93b2-4037-a9c0-e6bcbcfd72a1,gps_latitude,sensor_gps,latitude_deg,1.0,deg
fa948c8e-93b2-4037-a9c0-e6bcbcfd72a1,gps_longitude,sensor_gps,longitude_deg,1.0,deg
fa948c8e-93b2-4037-a9c0-e6bcbcfd72a1,gps_altitude,sensor_gps,altitude_msl_m,1.0,m
fa948c8e-93b2-4037-a9c0-e6bcbcfd72a1,trajectory_setpoint,trajectory_setpoint,position[2],1.0,m
fa948c8e-93b2-4037-a9c0-e6bcbcfd72a1,nav_state,vehicle_status,nav_state,1.0,enum
fa948c8e-93b2-4037-a9c0-e6bcbcfd72a1,sensor_combined_or_imu_status,sensor_combined,accelerometer_m_s2[2],1.0,m/s^2
fd395d03-12c2-488a-b307-20c3b1dbfe89,battery_remaining,battery_status,remaining,1.0,fraction
fd395d03-12c2-488a-b307-20c3b1dbfe89,battery_voltage,battery_status,voltage_filtered_v,1.0,V
fd395d03-12c2-488a-b307-20c3b1dbfe89,landed,vehicle_land_detected,landed,1.0,boolean
fd395d03-12c2-488a-b307-20c3b1dbfe89,local_position,vehicle_local_position,"x,y,z",1.0,m
fd395d03-12c2-488a-b307-20c3b1dbfe89,home_position,home_position,"x,y",1.0,m
fd395d03-12c2-488a-b307-20c3b1dbfe89,local_position_vz,vehicle_local_position,vz,1.0,m/s
fd395d03-12c2-488a-b307-20c3b1dbfe89,land_detected,vehicle_land_detected,landed,1.0,boolean
fd395d03-12c2-488a-b307-20c3b1dbfe89,gps,sensor_gps,fix_type,1.0,fix_type
fd395d03-12c2-488a-b307-20c3b1dbfe89,gps_latitude,sensor_gps,latitude_deg,1.0,deg
fd395d03-12c2-488a-b307-20c3b1dbfe89,gps_longitude,sensor_gps,longitude_deg,1.0,deg
fd395d03-12c2-488a-b307-20c3b1dbfe89,gps_altitude,sensor_gps,altitude_msl_m,1.0,m
fd395d03-12c2-488a-b307-20c3b1dbfe89,trajectory_setpoint,trajectory_setpoint,position[2],1.0,m
fd395d03-12c2-488a-b307-20c3b1dbfe89,nav_state,vehicle_status,nav_state,1.0,enum
fd395d03-12c2-488a-b307-20c3b1dbfe89,sensor_combined_or_imu_status,sensor_combined,accelerometer_m_s2[2],1.0,m/s^2
